<?xml version="1.0" encoding="UTF-8"?>
<beans xmlns="http://www.springframework.org/schema/beans"
	xmlns:xsi="http://www.w3.org/2001/XMLSchema-instance"
	xmlns:aop="http://www.springframework.org/schema/aop"
	xmlns:context="http://www.springframework.org/schema/context"
	xmlns:jdbc="http://www.springframework.org/schema/jdbc"
	xmlns:mybatis-spring="http://mybatis.org/schema/mybatis-spring"
	xsi:schemaLocation="http://www.springframework.org/schema/jdbc http://www.springframework.org/schema/jdbc/spring-jdbc-4.2.xsd
		http://mybatis.org/schema/mybatis-spring http://mybatis.org/schema/mybatis-spring-1.2.xsd
		http://www.springframework.org/schema/beans https://www.springframework.org/schema/beans/spring-beans.xsd
		http://www.springframework.org/schema/context http://www.springframework.org/schema/context/spring-context-3.1.xsd
		http://www.springframework.org/schema/aop http://www.springframework.org/schema/aop/spring-aop-3.1.xsd">
	
	<!-- Root Context: defines shared resources visible to all other web components -->
		<bean class="org.springframework.jdbc.datasource.DriverManagerDataSource"
        id="dataSource">
        <property value="oracle.jdbc.driver.OracleDriver" name="driverClassName" />
        <property value="jdbc:oracle:thin:@125.141.68.201:1521:XE" name="url" />
        <property value="giantstudy" name="username" />
        <property value="gs123" name="password" />
    </bean>

	<bean class="org.mybatis.spring.SqlSessionFactoryBean" id="SqlSessionFactory">
	    <property name="dataSource" ref="dataSource" />
	    <property value="classpath:mybatis-config.xml" name="configLocation" />
	    <property value="classpath:/mapper/*.xml" name="mapperLocations" />
	</bean>

	<bean class="org.mybatis.spring.SqlSessionTemplate" id="sqlSession" destroy-method="clearCache">
	    <constructor-arg name="sqlSessionFactory" ref="SqlSessionFactory" />
	</bean>
</beans>
